,reduction,size,delta,run,PHAT_time
0,original,1179,0.0,757ff239da1543e2b4143d2da2075e24,0.16133730999990803
1,original,1179,0.0,f24e119dd8994df0852bfd0f2f813e9f,0.17350599099972897
2,original,1179,0.0,3b206792c92f48608053f32749b9b666,0.15945611799998005
3,original,1179,0.0,bc3d79fceaaf40e2b39da56a5702cce3,0.16094159700060118
4,original,1179,0.0,8fac93699b2446398c05af232c18763b,0.1601110540004811
5,original,1179,0.0,c3c7446b54264e6688ac097fa432b699,0.16480246699939016
6,original,1179,0.0,c7297daacf4c4a44afc20f58d3799931,0.16233634799937136
7,original,1179,0.0,d718f87416114c5d82fda823d78aed2e,0.1609715740005413
8,original,1179,0.0,13f3fcccc2574244a5b0eeff401c940e,0.15996006299974397
9,original,1179,0.0,fceb32f0e4c84eca96f3ed35ec7305e0,0.1597071270007291
10,original,1179,0.0,cfa8660d68054b968ffc8395b18835b0,0.16009956100060663
11,original,1179,0.0,d7014316b17b4109aa5ac3c9dd2cfff7,0.16014240900040022
12,original,1179,0.0,b756866b52cd4d1b9331ed44b6f26058,0.1615075789995899
13,original,1179,0.0,1b24b15813ad4c1a900881294ff85dae,0.1602626510002665
14,original,1179,0.0,f04423ef214949ee8452a14a865909f0,0.16026316600073187
15,original,1179,0.0,df2e6100dfe742599234fb7111e2ae98,0.15993766500014317
16,original,1179,0.0,5b2a35cff48744ea8b0137b05322a965,0.1617573839994293
17,original,1179,0.0,6e5abe52e31a496caa99bb462d86149f,0.17340675400009786
18,original,1179,0.0,447aa86c091c4321bf2502fb2d969250,0.16354847399998107
19,original,1179,0.0,50eef8e6921f44c69e46e6e949ca13f4,0.16063125200071227
20,exact_morse,751,0.0,f4499c0140de4338ae7b46749133e2f6,0.10271110099984071
21,exact_morse,751,0.0,b5f5fa838c3a49c0b0975a4d49dcf1ee,0.10240513799999462
22,exact_morse,751,0.0,cb4d1bc37177494ebfeb7e274b628e1e,0.10257809599988832
23,exact_morse,751,0.0,e029d2c35d3e4d2ea361b50e54ed4d63,0.10273277800024516
24,exact_morse,751,0.0,2dacddc4c2f646fcac02150c9b707ee9,0.10599286700016819
25,exact_morse,751,0.0,908bd71b237a4a8f8ad0d597512b96b4,0.10227996800040273
26,exact_morse,751,0.0,09b0e7cd0f3b4ffbb3d7d557b8ae3c4a,0.10239309999997204
27,exact_morse,751,0.0,8a98976509a345e996001178593c6485,0.10391157499998371
28,exact_morse,751,0.0,87a83c7122394acca7b2927a4026ab76,0.10331869600031496
29,exact_morse,751,0.0,b823138e6336466f8f497aa35e10ecd6,0.10714201100017817
30,exact_morse,751,0.0,aca6fc2544d54f5cb1fe8ac1a944fcd4,0.10281122700052947
31,exact_morse,751,0.0,d3fcf4cae84a4f98b8d8bc251eb2d793,0.13878145400030917
32,exact_morse,751,0.0,879d597c7aae42a3bc1cf9e567ea96aa,0.14635218499915936
33,exact_morse,751,0.0,c4623db6e43c4f45b610cde3ca6b20ba,0.11187431700000161
34,exact_morse,751,0.0,edb100ec3ea14134aa35052832717f99,0.10516793300030258
35,exact_morse,751,0.0,782c3ab8264246beb3542796ab909e1e,0.10275613500016334
36,exact_morse,751,0.0,d28218f2972f408f807040c2015fb9f1,0.1034520920002251
37,exact_morse,751,0.0,585cb0fb6fa943009bea0971488b1a8a,0.10952541500046209
38,exact_morse,751,0.0,4d60cc3c39b64649add424f16edbee2b,0.10960986299960496
39,exact_morse,751,0.0,fc886c3ca7b94000902b0c094865de46,0.10250084600011178
40,binning,635,0.002,fd9c3f2a90a747aeb64b6018f9198519,0.08724002799954178
41,binning,635,0.002,67eb906983bd4df8b3bf3a88af19f98d,0.08777470099994389
42,binning,635,0.002,4779ac6610b749a38a67ae3455b1aeaf,0.08733741900050518
43,binning,635,0.002,e4447ec06a8446e3bda4beb44965ef03,0.08725248399969132
44,binning,635,0.002,badeaf0397124bac931fb1f39d634103,0.08803507700031332
45,binning,635,0.002,91886760c5fe4bb7b53bbbe935f5fa78,0.08697189200029243
46,binning,635,0.002,299a0baca7584eb9aeb71e5f5a912662,0.08699181599968142
47,binning,635,0.002,4cefbd1df4e94baab449b26cc1236678,0.08711368300009781
48,binning,635,0.002,08b26ae4154646c69f5226ca3a842f0f,0.08727501400062465
49,binning,635,0.002,5c3f7b2775b74f22863c865ae1425a69,0.08683990000008635
50,binning,635,0.002,5679fc93ceba4187b6277ad7bbdd07ca,0.08794681600011245
51,binning,635,0.002,b8311b7331384015af8dcd9da23d584b,0.08764530299959006
52,binning,635,0.002,0858d7dcdcfb48e7a8985dcf4bf8b9dc,0.08812616399973194
53,binning,635,0.002,2b8dd4a735774ef08abb58d694f72a8a,0.08699175200035825
54,binning,635,0.002,927e67a604934556b04359aa1d9da25d,0.08776216000023851
55,binning,635,0.002,3e89c7026c724063896a36d13cd30b2d,0.08672403299988218
56,binning,635,0.002,d2fa068409534e70a08876aa86ab8481,0.0863832459999685
57,binning,635,0.002,412b0be7d46e45a386eff76a2f62994e,0.08694078700045793
58,binning,635,0.002,5ce00614bcc3421a8e66605ad1c52758,0.08850673699998879
59,binning,635,0.002,20c497b7d3964ce4b515df23f1108fec,0.08719651100000192
60,binning,577,0.005,ec9467de3eb54396b652eb1d053c1ba1,0.07901054299964017
61,binning,577,0.005,983f61ba318d4aeb8bbbff8dfcaddb97,0.07910353300030692
62,binning,577,0.005,c230b399b5ce4e0f896be624c77b399d,0.07928321200051869
63,binning,577,0.005,22afca68653d43e791457119fca3fb4b,0.07961959200019919
64,binning,577,0.005,2cb1541566d3430db5a0554099dc05b0,0.07942650899985892
65,binning,577,0.005,a3c60213554b41439575fdf728fcd481,0.0791689169991514
66,binning,577,0.005,20df656834414b6c8b85605d6a601508,0.07921590600017225
67,binning,577,0.005,51e4264d616a48e6ab78692c1ef7ae9d,0.07929884599980142
68,binning,577,0.005,4b0c3c442675417c98e15380564d04be,0.08020749999923282
69,binning,577,0.005,ecbcfe6f48c4407b9f231841c27eac5f,0.07927386999926966
70,binning,577,0.005,0b3fab71260248a48c0c6a8ce6556f98,0.0796392950005611
71,binning,577,0.005,f1e5e2be1a3d4f279c33720f14f94448,0.07960257400009141
72,binning,577,0.005,417992943b3242b084cc6cb71422f7ed,0.07947552899986476
73,binning,577,0.005,40d96d44b4714fef955ab12363934f9d,0.07942400599949906
74,binning,577,0.005,6fd394dfc9fd4ad493c1ddabe039386a,0.07908186000076967
75,binning,577,0.005,26911b0392b645809de58fd7bb096f44,0.07930084200052079
76,binning,577,0.005,202c6ac8215942eab9f6dc64fdb2bf63,0.07920409899998049
77,binning,577,0.005,9626c60ce666418aafb61bac1c791fd0,0.0793378569997003
78,binning,577,0.005,5ff752a11b9a4b93b2ce4804e75c7ab2,0.07909226399988256
79,binning,577,0.005,e7dbaf4ad4b34a389b494ffd54b63f23,0.07937619800031825
80,binning,533,0.01,035bade1f29a4d43a83b4bcc11767bff,0.07339158800004952
81,binning,533,0.01,e308aa29050444e4adf8864b9662da0b,0.07402696700046363
82,binning,533,0.01,07ea03b017244cc080d5c812358012de,0.07310814299944468
83,binning,533,0.01,3cd5c31e7afb49cba3d7823d29b56ed9,0.07338225100011186
84,binning,533,0.01,38caf2ea6db94ab1b7472ab42804cbb5,0.0733899120004935
85,binning,533,0.01,37a612a75f344846911e59a4706aea05,0.07338133900066168
86,binning,533,0.01,9d6eea8d64d44bef86aabff173c4f71a,0.07455314199978602
87,binning,533,0.01,5bc51f71320547e789670c7b27fd8f1e,0.07405091700002231
88,binning,533,0.01,054c45abf3244aca8505cc8464cb1bc9,0.0747423089997028
89,binning,533,0.01,0c7a1f37f6434c07aadcc0b5bc72049f,0.09002151799995772
90,binning,533,0.01,2a98dc5cd5084a76b13bb22baa88eeaa,0.10804076600015833
91,binning,533,0.01,fcf5f2dc44404b66ac808011ea3283d5,0.09396358699996199
92,binning,533,0.01,9b9e52b88e49493f9dfbf624ecc04d9f,0.07789060400045855
93,binning,533,0.01,91803f0479454dc5bdb5314c9968ff15,0.07846048700048414
94,binning,533,0.01,6da39568987048fc9adf46d1e2a99726,0.07652989199959848
95,binning,533,0.01,bc54e38e2b674714ac99f7d8f425649e,0.07433620700066967
96,binning,533,0.01,5b7e513f4794419ebe6792a7ae743382,0.07693692100019689
97,binning,533,0.01,42a815c5a9754997a852ff534aee7a8b,0.07429982499979815
98,binning,533,0.01,43c4fc7779fb45ec968aca52e90570aa,0.08303577700007736
99,binning,533,0.01,2b447da33fa04903b536da3c326677d4,0.1054596069998297
100,binning,457,0.02,fff3e552dddc42f09ecaeac195bfe524,0.06323661300029926
101,binning,457,0.02,5377219107a948e4965c33ea64a022de,0.06609086000025854
102,binning,457,0.02,768e5db20d084413b1d0daf26142c8c7,0.06325051100066048
103,binning,457,0.02,63a34bb558804ad78c3ec35c8fbf9eaa,0.06323472100029903
104,binning,457,0.02,89ed8abb1e6e453b9443cbd17137899c,0.06361993599966809
105,binning,457,0.02,234a5f90c61142d49e7da280310338b3,0.0631902879995323
106,binning,457,0.02,2662e83856c3417bb076ac1a15cb28fb,0.06310081900028308
107,binning,457,0.02,8e79b07747084fdf8d0d85e7911045a0,0.0633692429992152
108,binning,457,0.02,eabc5cf896aa458da4b2e6a2a01d17ec,0.06307418799951847
109,binning,457,0.02,c6e2b6c63a9545c9bc4f9c22196216b9,0.0634682169993539
110,binning,457,0.02,dd770e0d927841868f989802c00be594,0.06338736099951348
111,binning,457,0.02,a571ffaddd02497cb0bc5a0567cb58cf,0.0639899770003467
112,binning,457,0.02,c609b3bd8dc3498ca36cc3ada3d4be8a,0.06310309099990263
113,binning,457,0.02,eea6ecf9fbbe4143910c08e8a5139408,0.06321935399955692
114,binning,457,0.02,f40c766d20f04cac81d862cb3c699037,0.0634997220004152
115,binning,457,0.02,2ee293f40b174c179d690ddbdcc65d37,0.06356035600038012
116,binning,457,0.02,a2518f4185c947b987b8224e8fa3c16b,0.06349254099950485
117,binning,457,0.02,ba35f342d3bf4c8b926eba2d6ec02976,0.06402996099950542
118,binning,457,0.02,04d750b67d1c454895f2086b1d6a9daa,0.06317442499948811
119,binning,457,0.02,1f4e5e23d5a9415f888b189895f539e7,0.06371493700044084
120,binning,375,0.03,8cd88d11c801480e83af6317321bbea7,0.05240066599981219
121,binning,375,0.03,98e92cdd2f4d46a28d3e2c8e79a25dab,0.05198836100043991
122,binning,375,0.03,b0d6507bd1b64be697117565e8aa8107,0.0520850769999015
123,binning,375,0.03,9304374ccc614b4f9fc8e4a1354562a1,0.05418356700010918
124,binning,375,0.03,231915d99c0b467bb1e2b8b26946bddc,0.05558143700000073
125,binning,375,0.03,eb818a6be6e54b559a61a91896cb85f5,0.051958643999569176
126,binning,375,0.03,9b3c3f841f7843989791aea3221f9d67,0.051900420000492886
127,binning,375,0.03,92a41f664260421faa6a8df4cfd5dbb3,0.05203991899998073
128,binning,375,0.03,6d2e65037e02412293979bc9f1c6ca2b,0.05183639200004109
129,binning,375,0.03,9f9fe9861126495a808cf22ae45878c5,0.05224567400000524
130,binning,375,0.03,b4976150bf30430f85feb68809707810,0.052000580999447266
131,binning,375,0.03,f7ab0f00fc7249aa8a416ca599ef12f7,0.052285884999946575
132,binning,375,0.03,9a2baa48581843738386ca861a939e32,0.05218645500008279
133,binning,375,0.03,94ecaf275ca4493b824931c15d6dfde6,0.05205168800057436
134,binning,375,0.03,6ac137f8318747d9b9d1f664da64a643,0.05180470600043918
135,binning,375,0.03,a7aaee0ec84e4514bc4f9c5c89bee076,0.05233795599997393
136,binning,375,0.03,49c7dd77e8234ad5a2c0fb7806c83c2d,0.05187438299981295
137,binning,375,0.03,d429caa6e6fd4bbb9a20e7e2dfb489b4,0.05212688700066792
138,binning,375,0.03,aa64612a27c244ed9a2c55a2082b5908,0.05267318899950624
139,binning,375,0.03,80d49a570ea5419b992c1da40a569ef0,0.052202280000528845
140,binning,287,0.04,999692ed15354057b295a74e53e2d835,0.04040972100028739
141,binning,287,0.04,2158de9987864221a2bcd75a24fd42c6,0.041029373000128544
142,binning,287,0.04,d42d9e846a27411fbb950439ba8c060f,0.040445637000630086
143,binning,287,0.04,2e2ddd478770442494342120bf4391ba,0.040008914999816625
144,binning,287,0.04,97bdccd5f3a045a492ec1f48fef1a5cc,0.04014507100055198
145,binning,287,0.04,972686e158234dceafc7492b337e3401,0.040168804000131786
146,binning,287,0.04,ff214f03330c49feb53ba6103aef9215,0.04054411099969002
147,binning,287,0.04,4367f839487e49be8378bf6432d35bab,0.040060215999801585
148,binning,287,0.04,a77fb52896ae4bb49a950bb5e429704e,0.03999112699966645
149,binning,287,0.04,19152e55996847f19d80473dbb91ca56,0.04005171100016014
150,binning,287,0.04,1dccd92cb0554fe7b1f1b107c5dacab5,0.040030387999649975
151,binning,287,0.04,30b14260a35a432088ff4b9c6fec0de8,0.039956449999408505
152,binning,287,0.04,ce4a1a11ce9b4294983275b6307a3f5e,0.039959788000487606
153,binning,287,0.04,39a3e1843fb5476896d9940484f8ced3,0.039931758000420814
154,binning,287,0.04,b314caf64d324fbe9cd8a3a2e8546d13,0.04017525099970953
155,binning,287,0.04,437018614cfa421f925a19b7cf2617f3,0.040244606999294774
156,binning,287,0.04,317c71cfd51045219ee140d06d4d7c14,0.040373149000515696
157,binning,287,0.04,926d80f42ba645f1a90011745cdc20df,0.04035709200070414
158,binning,287,0.04,e2d2206f31ef48da80e1edfc6c871208,0.040147683000213874
159,binning,287,0.04,2bca7c59a5674a429fbafc2e12fffbf1,0.039987553999708325
160,binning,233,0.05,dd98eee897fc4f08909efad455c5ce69,0.03295784300007654
161,binning,233,0.05,448678b282084bcc900c65e77f4a20c0,0.03280153500054439
162,binning,233,0.05,21c84452a37f4dbd8f3479c7ff16f4fa,0.03280505600014294
163,binning,233,0.05,0be3f80f241d4f56809ea4539525a926,0.032939964000433974
164,binning,233,0.05,b500fd8b48df43e3979e574726b3b459,0.0329312719995869
165,binning,233,0.05,961aff5cb02047b38dc6761621d34782,0.03278283500003454
166,binning,233,0.05,874ed0d762024359b3dd228b87451fc9,0.032883128999856126
167,binning,233,0.05,2834c8f05a65480a8b5d8e157fcbcc9f,0.03304055300031905
168,binning,233,0.05,8b282dd0d4404ad280779f528df0ae66,0.03316007100056595
169,binning,233,0.05,f2a45fdee9fc4279b4d5047bdd43b4f8,0.033040997000171046
170,binning,233,0.05,27e71a00c9b34f4a8d31a783042045fb,0.032760447000327986
171,binning,233,0.05,0c566089e84a441886c37ffc4749e8f4,0.032715391000238014
172,binning,233,0.05,edf331f9cfd349ecb2b2078609f16a13,0.0329426180005612
173,binning,233,0.05,65e6afdd2fdf446f98b2b6c667e6ab4c,0.03279480800028978
174,binning,233,0.05,329965034b4d427eb2be4f8792c60af1,0.0337039209998693
175,binning,233,0.05,25667521725c4ba59f31713f68f704be,0.033306841000012355
176,binning,233,0.05,cde70ccc68414f59ae237c9b5b0b46c7,0.032843680000041786
177,binning,233,0.05,7116be9d139848f19ebd24dfc89118c9,0.032624493000184884
178,binning,233,0.05,49a00676d2214eaca7dce4711f0caf02,0.032852473000275495
179,binning,233,0.05,2b383d5fc4344570920001e2f5cd2fa4,0.03282478299934155
180,binning,93,0.1,4a7e637841a341b1ac4c27b5d4dac785,0.014248899999984133
181,binning,93,0.1,877236cffda24dba8bced14f7dd919b0,0.014151287000458979
182,binning,93,0.1,a1305cf30e7b4d09bc3d652628618d4d,0.014200192000316747
183,binning,93,0.1,224e45c981684857a99f2d1507e991ea,0.014059064000321086
184,binning,93,0.1,10a3a6bd6ef240469ed15fe4018445f6,0.014110709999840765
185,binning,93,0.1,90295eb8fd8147bd9408e943e0778292,0.014068024000152946
186,binning,93,0.1,52249267ecab44c2ad45bbbbe44d8d86,0.014100681999480003
187,binning,93,0.1,4d1a0738016e4bfe9d8a92fe2014956c,0.014316113999484514
188,binning,93,0.1,42581627de6f49d0b3a34e80d0752eae,0.01398362000054476
189,binning,93,0.1,c142b232c2ce4c2a91f5850aa8eb5c78,0.014094092000050296
190,binning,93,0.1,6fbc1a96606547a2bf445c2aae848a11,0.014105721000305493
191,binning,93,0.1,9be0d8200674439181547d1097e498ce,0.014069760999518621
192,binning,93,0.1,1e129b17b0494eff94f9af30eedf3e9b,0.01426910800000769
193,binning,93,0.1,aab3d591695b4d9393258a6859dd3eee,0.013986668999677931
194,binning,93,0.1,b5e3080cb25d4810aa63cb150cbed4a6,0.014059924000321189
195,binning,93,0.1,c08743b1b6724c8faa115cab13fa8a06,0.014084239999647252
196,binning,93,0.1,178a422f84b34d44ad97b19e18371d8f,0.014269191000494175
197,binning,93,0.1,286e767f20d14f9498e321e1af1c06a4,0.014147920000141312
198,binning,93,0.1,271fd17b720f44a9af632a7109ee347d,0.01406107399998291
199,binning,93,0.1,70a84a249c12435192a17f0bad441a8e,0.014101894999839715
200,binning,19,0.2,e5472b91856e44a2ae2b11257468549d,0.004096455999388127
201,binning,19,0.2,ab469852a4cb405bbbeef34532aa52ca,0.004023077000056219
202,binning,19,0.2,aa54e6e556e54750b8fd83e312f484c9,0.004027166000014404
203,binning,19,0.2,19b09bd8af6c4c3880f6b2c127cf4f2a,0.004032473999359354
204,binning,19,0.2,de823e00cd8b4379a7b4cacb01e94d88,0.004072194999935164
205,binning,19,0.2,e350407350f749b08aad493ff13216ef,0.00395160100015346
206,binning,19,0.2,d0f4be57bbe14356807e8679dd2d4c5d,0.003981898999882105
207,binning,19,0.2,0dcb6164c7af4815a0a63139aa506ca8,0.004518079000263242
208,binning,19,0.2,1e26ff57b5d14341974803038a619c9f,0.004075014000591182
209,binning,19,0.2,d32a2ccfb581466cb4b7d0c395886b08,0.004045154999403167
210,binning,19,0.2,aa922e981a644ef48d8542c929349a24,0.004016488000161189
211,binning,19,0.2,8a686fe5e0474e8b994ab23d5a0114c0,0.004010193999420153
212,binning,19,0.2,5a4076ba03ee477d870dab3fc376ff69,0.004063451999172685
213,binning,19,0.2,9f46ce4ef074429bb56c89d53e076947,0.004006107999884989
214,binning,19,0.2,69fa48f9d5104324b9ba3c5e855ec150,0.004038353999931132
215,binning,19,0.2,69821e7e30914ac89040188be1eeb13a,0.004011942999568419
216,binning,19,0.2,70661ec51c664c1a8d84cc34b16111b0,0.006591293000383303
217,binning,19,0.2,dea8980c9a2942d7ae104b2c7345c8d6,0.0040171889995690435
218,binning,19,0.2,1e6076a6a5d945c297480f145d1e5912,0.004737530000056722
219,binning,19,0.2,53d0980e89014b96aa9d75791bf47eba,0.004088559000592795
220,induced,589,0.002,63d55a2bbb214cac8146ef26bbf0a253,0.08157686300000933
221,induced,589,0.002,92a0c01071ed4a3c9fcf14abf85035f8,0.08181703199988988
222,induced,589,0.002,1ef33e81b1134b5aaac7beb54ec16ebc,0.08077341199987131
223,induced,589,0.002,ac68c13886f743c9916e234a437d27b3,0.08132174699949246
224,induced,589,0.002,eb3dc5f2c4064946b5e01cfc901c5fab,0.08069577300011588
225,induced,589,0.002,802ad03a66534603954dcf15ee1a758c,0.08120012900053553
226,induced,589,0.002,536fa6ac40024781a855bda4aa8be26b,0.08515824200003408
227,induced,589,0.002,fa258994267847179446dc7bf28dbdb4,0.0812812459998895
228,induced,589,0.002,8eac3496d2ee496c96bad9daf319eecd,0.0811716329999399
229,induced,589,0.002,50f3b8e8bc3848548be9690de179f7b8,0.08103526699960639
230,induced,589,0.002,a99adc54fc644a2aafedbacbd0a3917d,0.08187652200012963
231,induced,589,0.002,25a94c7e332d40279724e7ee29066e16,0.08189302099981433
232,induced,589,0.002,b1d6bfd382b6458a8999a32fc6d2dc01,0.081233771999905
233,induced,589,0.002,960b96bbc82c4582bc70e5da9b8754b6,0.0830202150000332
234,induced,589,0.002,1da926a832ec4da9b9a0e939fc11d50d,0.08563629299987952
235,induced,589,0.002,7d497b78f65f4e51afc66fb691c7af98,0.08076334700035659
236,induced,589,0.002,67f53488730c4ed8a2ecf14dcfa6afed,0.08082754000042769
237,induced,589,0.002,c0501466f94f4a88924856c14f286736,0.08078329099953407
238,induced,589,0.002,c8737dfb56744a32a0cb399343b8bfba,0.081698616999347
239,induced,589,0.002,5d1ae450d36d4b06bb3ecba4497ff00e,0.08140800500041223
240,induced,537,0.005,d29d7cd8dadf43e2b32f10a1d31049fc,0.07375654899988149
241,induced,537,0.005,7f5a492eb9d340598900ba90a789b7bd,0.07356193400028133
242,induced,537,0.005,98e2596be54f4d7fabf7891ebd43c353,0.07362290099990787
243,induced,537,0.005,002502f1d5d644fb8a3792b05051ba49,0.07424132699998154
244,induced,537,0.005,eae18645c7e945e1ac3eec8a4c6174c8,0.0738676970004235
245,induced,537,0.005,51e5fc00795341f282f2291ba2f31a78,0.07406410099974892
246,induced,537,0.005,50d653bb83804e97ab5894df2ea5042d,0.07439129500016861
247,induced,537,0.005,df3cd40bb4554688be25e8c5399cdd4b,0.07383636299982754
248,induced,537,0.005,6b833967379543b2aa78d518d759f83d,0.07442002599964326
249,induced,537,0.005,c0f5eb953b6e4efd9d2617bf5f862944,0.07394604900036938
250,induced,537,0.005,128a78739c9c482dbf52f5485294f3ff,0.07405488599943055
251,induced,537,0.005,75e991b6a56f4bc19c87671738f62ecb,0.07417645399982575
252,induced,537,0.005,b994a227bd134879b06f982626184eba,0.07457690400042338
253,induced,537,0.005,f4d5aa71f0ab4117ab3a082c27daa3a6,0.07370023900057276
254,induced,537,0.005,ddb0406fc1b041c7b3011d129aebca6f,0.07363165600054344
255,induced,537,0.005,e0c1b5f2699e44669a1b8c6e609953e4,0.07393901700015704
256,induced,537,0.005,0425782c9757458784bd0de5c5da5adc,0.07381361900024785
257,induced,537,0.005,f9f024919faf4800b2d3ad813c39ef13,0.07501970599969354
258,induced,537,0.005,20e14e11f54e41b6a0cb3ef487144751,0.07393616699937411
259,induced,537,0.005,c9248457278b47d0a85ad19b08660aad,0.07466193399977783
260,induced,499,0.01,1e9dabe01b04487994c78b27660120e5,0.06885964299999614
261,induced,499,0.01,b380477ea019417f961297d909b85100,0.0693870169998263
262,induced,499,0.01,34c5749f0cf3422aaa7f450ed3ffdd4c,0.06991584400020656
263,induced,499,0.01,b56bffe5d9314e6aa53993d8181429da,0.07283245100006752
264,induced,499,0.01,ecc13751cb8946199c2e5c890d534f91,0.10266531300021597
265,induced,499,0.01,10890593b10b4e31829aafb30618a4f8,0.111545863000174
266,induced,499,0.01,e6485fda9c374cf398febcd4133ac2ea,0.08888464499978
267,induced,499,0.01,5e7f0fb5d55e49479e6a34ff78b8451d,0.0750507180000568
268,induced,499,0.01,629989c3bebf4362b8e8497967d3f2b3,0.07107544700011204
269,induced,499,0.01,802d43fcb4f1433dab4003b530326659,0.07074441799977649
270,induced,499,0.01,42c60c7dbc054c19abb8a635646b236e,0.06990433200007828
271,induced,499,0.01,0a45c83aa4144cecb71fd2dae56b37c5,0.07033178200072143
272,induced,499,0.01,b833a582925e4e72a17cbfaf7e9c7890,0.07036547099960444
273,induced,499,0.01,cd6b98a596ba4f8c8b185122791067f0,0.07059424199997011
274,induced,499,0.01,5e320ebcbfcc4fae987615a2d31a29d3,0.07407486700049049
275,induced,499,0.01,5385547cb7484fd892350995da51c071,0.06921975200020825
276,induced,499,0.01,82e8374149e24f919884401660fdc412,0.06954385800054297
277,induced,499,0.01,537b98236e4348b49d546b0bad04e4bd,0.070435544999782
278,induced,499,0.01,70f757917cd047f7b9ffea10bd69604a,0.06956410600014351
279,induced,499,0.01,3860a5122fee4174871d617842162871,0.07059131099958904
280,induced,415,0.02,fac58b5bc5964610b6b258faa42c6647,0.057789555999988806
281,induced,415,0.02,3d16db988feb44c1a516a2553b49843e,0.05817258400020364
282,induced,415,0.02,3e57dcd2db644829a90e36752499863a,0.05780154600051901
283,induced,415,0.02,56fa9c66f0e247c288a2559c9f185910,0.0578406160002487
284,induced,415,0.02,f98e881cd34a40f983f1843fc8562e87,0.05926846900001692
285,induced,415,0.02,38dff601c4bd47ee8873a7c812051e7c,0.0581288189996485
286,induced,415,0.02,2eadece4373f4a868f1724c4a97e4c92,0.05775332399934996
287,induced,415,0.02,9e5e4474608a4572a5c22ce30c4c8a45,0.06022522800049046
288,induced,415,0.02,a28ae44924574e11b761f620280fd8ac,0.05840958499993576
289,induced,415,0.02,8b0e56b1ba4b48b68693b95e6ce185d2,0.05895921699993778
290,induced,415,0.02,7a171c99801e483d93e448b5330e5bc2,0.05763818400009768
291,induced,415,0.02,db968efcc78a42f5b1e09a210ba30a5e,0.057567179999750806
292,induced,415,0.02,46993d400acc4f5b9b3354334c520b92,0.05785916299919336
293,induced,415,0.02,244e3f000fdd48e085c53813eceaaa8a,0.05761696700028551
294,induced,415,0.02,009dd7c9634d4e63b772eb19256069ec,0.0578506700003345
295,induced,415,0.02,3839fe5da78b40c2add2b90fbb1b9532,0.05779019400051766
296,induced,415,0.02,f569441980384eaeada913e1a8eaebac,0.05785081700014416
297,induced,415,0.02,5f4eb683fa604f4b84ffb90e0d396b33,0.057752798999899824
298,induced,415,0.02,bfa21b87eb83430e9f15efc81a1d0c77,0.057340415999533434
299,induced,415,0.02,b1fa66b6cab140e988e4e04b10ffd02b,0.05802663000031316
300,induced,355,0.03,a409718999504250861e9a900247d3d3,0.0497800470002403
301,induced,355,0.03,2c222d656ef047beafa5b4711496deaf,0.049503447000461165
302,induced,355,0.03,c8ca46a7b14945dcb0d96b2f19de7e38,0.04970691899961821
303,induced,355,0.03,496de32d9b9449ecb727d42458b2445e,0.049313696999888634
304,induced,355,0.03,9e1cfe4742414ba2a05643808e864760,0.04989945200031798
305,induced,355,0.03,49bdd6f073c143fd8af960cd1dcd2954,0.04924420600036683
306,induced,355,0.03,1ab7c259e7cd450c833e9e8879faf7c9,0.04983948300014163
307,induced,355,0.03,6731994dd0f44b5eb1140d1865439855,0.049393299000257684
308,induced,355,0.03,d4fe54e4d7a047139c379d560c2d5ba7,0.04993404700053361
309,induced,355,0.03,9e7c98fc4676428eb99e5b40ba7221a9,0.050063413999851036
310,induced,355,0.03,fd149b1a7e5a4f7d87f09ef8dd7fbdcd,0.04953081199982989
311,induced,355,0.03,a51e097b9aba4b54941ee675ef050068,0.04933389500001795
312,induced,355,0.03,0154c88affff46a1993b5d71ba27d365,0.04935539500002051
313,induced,355,0.03,968525c3838845dba00a2910d8203849,0.049294706999717164
314,induced,355,0.03,a7db45c9c88b491c963feb4ac8832308,0.04926555699967139
315,induced,355,0.03,c702673360ac4bef8ac99b6e21f9abeb,0.04921694900076545
316,induced,355,0.03,a996c06b5c4f408b8e008bc9fdeaf0b1,0.0493992090005122
317,induced,355,0.03,c2cb01177c0546bfb3817adf0e8ffc50,0.04953590500008431
318,induced,355,0.03,5eaa7abb0d8c4124bc130e3c3881b95f,0.04944941800022207
319,induced,355,0.03,4c1f7471e03f49be8f04149b0c1b3228,0.04931221600054414
320,induced,271,0.04,e539bfa580384148a5b5b64000fdec6b,0.03845107300003292
321,induced,271,0.04,1ec065598f3c475ba2045d790664ceb1,0.03808238999954483
322,induced,271,0.04,6c4b875d3098425ebbecf6f5dbb9ec6e,0.038186264000614756
323,induced,271,0.04,eb26a5cd115e4be6bd4e0823bb428c93,0.04033167499983392
324,induced,271,0.04,c1cba8b204d647c28b9e1f28597843f3,0.0381946239995159
325,induced,271,0.04,0ca5b38563f848679f45ca7e4e926f6c,0.03898247899996932
326,induced,271,0.04,846768dd9ec74c5989596dbeac3d0d3b,0.04164996700001211
327,induced,271,0.04,f4be171f15c44801b86240f86eb9faf8,0.03815004599982785
328,induced,271,0.04,558a631e27f143db8d50e5ffa59b581f,0.04049296500033961
329,induced,271,0.04,94a06acd43bd4e04be571ce4172abdba,0.03861972999948193
330,induced,271,0.04,fb97fa2f4499498a866a559964b63665,0.038573167999857105
331,induced,271,0.04,a794a8ecf4b94758bc2c7a289323fe76,0.03856175600049028
332,induced,271,0.04,5ecd5674bfaa4143b6e60c8e493cb80b,0.038235028000599414
333,induced,271,0.04,89e8cc83bdae490e8044adb8058b69c3,0.03931979600019986
334,induced,271,0.04,3eda84fd9ecb459ca2664049aa2a7149,0.038330448999658984
335,induced,271,0.04,d0df66c026ad446fa5c5ae6c533719c1,0.0380752629998824
336,induced,271,0.04,b1d9a159f42148c78b2f68379fd5203d,0.03825380699981906
337,induced,271,0.04,592b1e3cea7f452984c9c45a2023d9eb,0.038108672999442206
338,induced,271,0.04,e348b465300a4803ac7e67926a65a89f,0.03800482199949329
339,induced,271,0.04,f258fcda14c2412bad48059119cd3d71,0.03804065399981482
340,induced,203,0.05,4e847011e3d4420fad273448f0d5ab97,0.02880973600076686
341,induced,203,0.05,d31ca50c1cc349bcbd781283076bd1d3,0.028887725999993563
342,induced,203,0.05,65463da4808d43968fa3fde30aaa3a24,0.028987497999878542
343,induced,203,0.05,da2df217efe847009fc63e176502f117,0.02900701599992317
344,induced,203,0.05,be05154c55a340ac8940cf7ead20b349,0.02901113100051589
345,induced,203,0.05,f7de026b0d4e4cf4ba747f226340cc22,0.028870844999801193
346,induced,203,0.05,a926b67067974eceb376bfff3ee8718b,0.02901025299979665
347,induced,203,0.05,ccd5e441aaae4fc2b85f5364add86e4e,0.029009204999965732
348,induced,203,0.05,1950d30beb4940769b1263b364396682,0.028805185000237543
349,induced,203,0.05,1816e7f62e1a4b8a913d267e80937878,0.029091956000229402
350,induced,203,0.05,e6242f9b5735471db6868a87917ce6cb,0.02922363499965286
351,induced,203,0.05,9fe57b3a4bc2465c92affeebc8df309f,0.02899275999970996
352,induced,203,0.05,416b3027dc4649b58c777839bcb3c8a5,0.029047331000583654
353,induced,203,0.05,14fa2dafcdc742bd9eaaa02bc9721fdd,0.029082082000059017
354,induced,203,0.05,d715d5d4cc61438a96cc3cd72c8c3e75,0.02925819899974158
355,induced,203,0.05,2c33907d17024eb28e65c684a0f53a23,0.029071880999254063
356,induced,203,0.05,117395bbf36744f0beb0bce4bd2e2d2b,0.02922722400035127
357,induced,203,0.05,391c1112e185412a84631a123d27d58b,0.028815603999646555
358,induced,203,0.05,d95390fb3f08481984211708d560468e,0.02901087899954291
359,induced,203,0.05,6eb17a3dd1b24c689a57ceac2341c45b,0.028955131000657275
360,induced,85,0.1,60e4eb4666754712810c5a83cbce5899,0.013028762000431016
361,induced,85,0.1,974c6262ef194446815832b7f1456036,0.013071323000076518
362,induced,85,0.1,7e0da92cbed74a9abea9639c706a6c8e,0.012959958000465122
363,induced,85,0.1,d658e5cfef454669b14be62e391ab73c,0.013210121999691182
364,induced,85,0.1,6adfcc7b986947ae88d91f9410dc0418,0.012945104999744217
365,induced,85,0.1,e7c1a397866f476faff335f361a5d3be,0.012948571999913838
366,induced,85,0.1,f64b5b0eb7324273a6f531385b8503ae,0.01355305800007045
367,induced,85,0.1,25ee8c3a2f414431b8c57dc780405a7d,0.012976687000445963
368,induced,85,0.1,b2b4caf529fe4abda54b8e2cd3e16fc7,0.01327445499919122
369,induced,85,0.1,5bc36d3b9f3f4ffc9fcf4052165029de,0.013008672999603732
370,induced,85,0.1,0e47e74402684b0ba408a7892dcc7622,0.013143655999556358
371,induced,85,0.1,17b49088ec5943c38315146b22e32239,0.013079381000352441
372,induced,85,0.1,4045eba4570f44619ffc25b84286aba3,0.012926179999340093
373,induced,85,0.1,3c13f4e90d5e4dd1b4e66f9b4ed937ed,0.012951538000379514
374,induced,85,0.1,7cc31c4387764c45ab159987462d3c26,0.013648733000081847
375,induced,85,0.1,ab92d9ae8bbe4ea7a8635b0db9a34ef1,0.013073330000224814
376,induced,85,0.1,ebdccbd46e064334ba6ecd3666338ee1,0.012946055000611523
377,induced,85,0.1,7b31e0534c544082853d85fe0ec8da50,0.013616472000649082
378,induced,85,0.1,61b39e8845454c37828b78ef8b448a31,0.013507533999472798
379,induced,85,0.1,0c6f230378c54b23941f6c0be3dbc056,0.013029036999796517
380,induced,15,0.2,b0d072a2a003402abc58641143991171,0.0035243520005678874
381,induced,15,0.2,1f88e86104674735b7a8128a19ae9d75,0.0035665980003614095
382,induced,15,0.2,19fe35458255438e80b1c14b4b25d03d,0.0035449960005280445
383,induced,15,0.2,957fae2adb08403aabc65fcf06fd12e1,0.0036914379998052027
384,induced,15,0.2,0c52f2ca06be4b02b2dabbeb1b1ee727,0.0034102330000678194
385,induced,15,0.2,eca9acfd8d3c4cf1838582293bae71bd,0.003484288999970886
386,induced,15,0.2,883463747dec460ca8fa6b077f17a657,0.003498038000543602
387,induced,15,0.2,836a8be6a0d44451a36f023eff16a849,0.0035570430000007036
388,induced,15,0.2,8d05f5d21f884ef59af977dc0450087c,0.0034783840001182398
389,induced,15,0.2,8995262068d14e90a0dc3bdddfc5c48f,0.0034945150000567082
390,induced,15,0.2,d0549c30795b41429e5b0ccaea07fa6e,0.003537647000484867
391,induced,15,0.2,09ada7c21c9142b697a25b7aac2c0281,0.003560966999430093
392,induced,15,0.2,b8903e5e197d4a3c891de463ed2c625c,0.003454486000009638
393,induced,15,0.2,4810e4e82a824f769f27c412061ce9b8,0.0035199670001020422
394,induced,15,0.2,4f6c4c0142064404bd0487afa785dca2,0.003490932999739016
395,induced,15,0.2,c9fa57966e41440eb7769c6671df83d2,0.003513374000249314
396,induced,15,0.2,7c037656a3b04e5fbbfb0a5d13c48b5c,0.0035992439998153714
397,induced,15,0.2,05c5164e2f20458cb611c849cc2def8c,0.0035695239994311123
398,induced,15,0.2,0c5165aac9e449a2bd92d9b1ebfa8c90,0.0037203190004220232
399,induced,15,0.2,39e9099330114799a42cb19ddbab786e,0.0036251569999876665
400,gradient,739,0.002,106df2abfd8642bd90c8fcd37f97676e,0.10026594699957059
401,gradient,739,0.002,d018580d54f348a4b245e8b064e53a95,0.10070965200065984
402,gradient,739,0.002,c5e5bbff725241ca84d465b3d0957879,0.10112201599986292
403,gradient,739,0.002,3cfabc1ced5046cbaa3f1665caa2b1b6,0.10090040199975192
404,gradient,739,0.002,c24fd021690540f99531e3dc2c628015,0.10109009799998603
405,gradient,739,0.002,c0f26e820dec443e96e3a41f1fd05842,0.10087542200017197
406,gradient,739,0.002,275da850f7944fbab7918253a91e3938,0.10266448500078695
407,gradient,739,0.002,6656a69c05974f7aa47b5d1902175036,0.10160355599964532
408,gradient,739,0.002,69c065fa4a2e49f08ed71965714dcac8,0.10087542899964319
409,gradient,739,0.002,45c304c3021d4039a6a1570c62244354,0.10130440600005386
410,gradient,739,0.002,8979a744b2f34a0b82c4a5d6ac8b9828,0.10050082599991583
411,gradient,739,0.002,2d4b004ec756459598d0cee1611b96fd,0.10076876199946128
412,gradient,739,0.002,b5efa43044b44cd2a829c530102388c3,0.10157430300023407
413,gradient,739,0.002,ffccaa2277e14c578cdf0f8a37ae1c4e,0.10097226000016235
414,gradient,739,0.002,da3cae20f81844f1a9a651e56708b21e,0.10124981599983585
415,gradient,739,0.002,8115d68f66de4c7ea2eb2073a9f8d323,0.10123838599974988
416,gradient,739,0.002,db25ae89815745d982a87254599b3189,0.10176290800063725
417,gradient,739,0.002,361385947d8546068e965c6d99a1d665,0.10244006399989303
418,gradient,739,0.002,bf4afa0ae3e64135bac4823e35ed6e2a,0.10130787800062535
419,gradient,739,0.002,c089152409b34caeae7f7557e3efa9d7,0.10094277499956661
420,gradient,691,0.005,1261b5776e80494b9f59133fbdf1ae1b,0.09469432500009134
421,gradient,691,0.005,23cd1c407b96453a8b57fa8526d23086,0.09524220299954322
422,gradient,691,0.005,2da694d1728f445fbb24836a3f7342bc,0.09535436699934507
423,gradient,691,0.005,8e40ef238ae142c3a42409ac3f914398,0.09478237199982686
424,gradient,691,0.005,bb9287a5aece46719a1073e391bf2f8a,0.09458584399999381
425,gradient,691,0.005,0947bddc78fc4f88bf868a2c29d6a461,0.09493279199978133
426,gradient,691,0.005,16b917833e324b2dbbf86903299ca3fa,0.09475411900075414
427,gradient,691,0.005,d29d8df7aeba44508fc42823da212c43,0.09476453600018431
428,gradient,691,0.005,a2fb23c48df44037a23cd73c41b1f51f,0.09506270800011407
429,gradient,691,0.005,bd301d7d2ee34bdd879281f4c868231e,0.09573109800021484
430,gradient,691,0.005,2c71fd51f1e349ad88766bf0c04a3241,0.0950661789993319
431,gradient,691,0.005,1d2f2360621b49a286b87f4810006c04,0.09541852200072753
432,gradient,691,0.005,1ab397b5fc564d99be8c27f501e27705,0.09463752699957695
433,gradient,691,0.005,5081ad75ee124096b7469943997f6247,0.09460487700016529
434,gradient,691,0.005,ba4b006739e24708bbf0ba1e2455878c,0.09468573499998456
435,gradient,691,0.005,2763638d734747d5bb5314950b42a873,0.09502891400006774
436,gradient,691,0.005,4c52f2296c0b455a95c8ada83401e209,0.09569234100035828
437,gradient,691,0.005,e9b23ae5e23b45bcb9d7428637477743,0.0949070569995456
438,gradient,691,0.005,0ab990b4770944d58d1dfbe82ae4c0ee,0.09545431900005497
439,gradient,691,0.005,3a9c4cb363ce45e49a3dcd75839d6294,0.09533340100006171
440,gradient,619,0.01,68290d62eabc40b2979a798ab94435b0,0.08467738799936342
441,gradient,619,0.01,6d6cd2dddece4a3baa5b827d33954f43,0.08569895599976007
442,gradient,619,0.01,e3028f345ace445781df919811aaa238,0.08516043100007664
443,gradient,619,0.01,8906c2c5e3244065bce05368800fd798,0.08584362600049644
444,gradient,619,0.01,373a3e19714b410497dfcea8da7632c4,0.08506008899985318
445,gradient,619,0.01,d325a187ef27409cb34e04c4b0dc5b7a,0.08480127099937818
446,gradient,619,0.01,966e845f23be45f58fc29c025e9229b5,0.08569045000058395
447,gradient,619,0.01,ce9894cc64724fabae72f9f50f6f5ee5,0.08556973200029461
448,gradient,619,0.01,ea71716535504f908f63a21c92f831b5,0.08636354000009305
449,gradient,619,0.01,dd77b87fc45440a7a409c7d4fcca33f1,0.09860554599981697
450,gradient,619,0.01,36d2e1ed7b5b440e9c4c49bf1fb31503,0.09585485400020843
451,gradient,619,0.01,de02ef7837c246a2b53f35255046fb05,0.08515178699963144
452,gradient,619,0.01,19bea6781bbf41108a32df9f4bcd257e,0.08604996299982304
453,gradient,619,0.01,2bdd45b827ef4c8287fd4e6988b7c507,0.08512937700015755
454,gradient,619,0.01,592f0d386e674f578d8a3da0544ca22e,0.08524220399976912
455,gradient,619,0.01,596e962fa4684fb3a18502882d50f3d3,0.08515191300011793
456,gradient,619,0.01,4b156045251449eeaf4c4ee841496ff5,0.0848381400001017
457,gradient,619,0.01,1c1862687de74e7e8b0a43f09e6caa74,0.08526331200027926
458,gradient,619,0.01,4d591828436f4082a077238a812daf55,0.08501387100022839
459,gradient,619,0.01,f5ba50e6a9714dd18705c82b8be95c61,0.08492549700076779
460,gradient,495,0.02,fde88a68a40f46d282740ea29b17282f,0.06807001499964827
461,gradient,495,0.02,8fdebe3313074a8cae3dda87296c64df,0.0683261730000595
462,gradient,495,0.02,1078c2ad1bc1478c9bf5747302082373,0.06792257300003257
463,gradient,495,0.02,fae52f8fc0ec4545bcb364341ee81827,0.06869873899995582
464,gradient,495,0.02,4f819f5b22b64d18b211cdcc463a7f40,0.06807007099996554
465,gradient,495,0.02,20ef9998f32d49fb9f738f40d0ab21c1,0.0681539890001659
466,gradient,495,0.02,2606470302a248fb8e6777b475cefdc1,0.0680460960002165
467,gradient,495,0.02,18d1df23cef946bfb421b83e28122f7c,0.06888836000052834
468,gradient,495,0.02,68e4de3deabd4d739004f77a0594a004,0.06786055100019439
469,gradient,495,0.02,35f81e1ade4d4229afe9edf1567008dc,0.06805303600049228
470,gradient,495,0.02,d7305ac337184f299370bf72ec44a5f4,0.06785154299996066
471,gradient,495,0.02,1f256bf8b1c64ce3b5438d2e98e438da,0.06818590100010624
472,gradient,495,0.02,8a4f9d53a9ea41ac89e1daced4808e5b,0.06876682599977357
473,gradient,495,0.02,cf1c81effd4d4129a35b107acea1b03c,0.06826129199998832
474,gradient,495,0.02,1266981aed324eb68ae2589cc0375a61,0.06845077599973592
475,gradient,495,0.02,c87580f58f2b4cff8d595cf3e13fd0f6,0.06842119300017657
476,gradient,495,0.02,4a101f91711145928b19d417203252f6,0.06834569300008297
477,gradient,495,0.02,2ae7f68774504ab3ad420dca59cc7ece,0.0706785080001282
478,gradient,495,0.02,96657e2b88164c01ab9081896555e1ea,0.06861249699977634
479,gradient,495,0.02,925ed8028afa46ac8561ec74fb4beab1,0.06835469799989369
480,gradient,399,0.03,3c28acccc3d74f23a463345f8ec28cc8,0.05511059799937357
481,gradient,399,0.03,a18e7fe005ad4f1da0d7a8d781995dff,0.05516553199959162
482,gradient,399,0.03,2ebd448034fd4e5a96b714c9ead32637,0.05569107199971768
483,gradient,399,0.03,518c67185bbd4da18fc774b94f3c23a2,0.055175759000121616
484,gradient,399,0.03,f24724f4261947c5875af175cf39b888,0.055595509000340826
485,gradient,399,0.03,3780c8fd49ea40e2b2f5c8df8bf10710,0.05513136100034899
486,gradient,399,0.03,4c5029dc357f4b698be4dd33a208edd4,0.05564825900000869
487,gradient,399,0.03,e050c01dfbf342559afb4944f3646973,0.055362082999636186
488,gradient,399,0.03,614d5a767b324e3198f1f78be118f639,0.055322430999694916
489,gradient,399,0.03,c11548f9c6b540d594a2085a43990d1b,0.05606405100024858
490,gradient,399,0.03,5980c434ef37474187c012b34b045eb8,0.05615050699998392
491,gradient,399,0.03,11e25dd0c27141cc9f4552dba4b58166,0.05540966999978991
492,gradient,399,0.03,4f17375cb6d7486782181f89f8a07dd3,0.05622580700037361
493,gradient,399,0.03,b28cbc39021a4a638c6a24bae7540a7f,0.055748436000612855
494,gradient,399,0.03,58c1597b90494eeca4630ce543899206,0.05535174400029064
495,gradient,399,0.03,90ce4631d5894674bb671c570b623b5e,0.055178195000735286
496,gradient,399,0.03,17978dd751b94634b5b48e9dce328cab,0.05569832199944358
497,gradient,399,0.03,521f22cb1106472aa756d7bf0e36ead2,0.05506184400019265
498,gradient,399,0.03,9abff22a2f374e8f84c00130f24f8b65,0.055270881000069494
499,gradient,399,0.03,f6b9c478608c47c086ae2331b75859a8,0.055462773000726884
500,gradient,303,0.04,ed87af31dcb646d894f74a4d7239824a,0.042208226999719045
501,gradient,303,0.04,af0d613197d44ab18da9636e8b43aeb2,0.042073645000527904
502,gradient,303,0.04,eea26dcaa5f44da28529c3bf7545e6cb,0.042185448999589426
503,gradient,303,0.04,d338523e47f0478f9a6a9602f8e6302d,0.042383003999930224
504,gradient,303,0.04,9f8237d2c08d498184d6ef558a6911c7,0.04213363400049275
505,gradient,303,0.04,89343c552b01418bb1bb90f64471ea31,0.04223534499942616
506,gradient,303,0.04,1befbbf6fc84476d94499278d74b2ad1,0.04233405200011475
507,gradient,303,0.04,0015d08057b144c4b1cbfe3feeeb9c2f,0.04229240099994058
508,gradient,303,0.04,d7a01c9955de4ee79f31f20aea9d21dc,0.04256934499971976
509,gradient,303,0.04,54c16e17c7234b8287b7d31ba76ec8d7,0.04310236899982556
510,gradient,303,0.04,19ca0b3d586444508b2f0f02c0e1aed8,0.04274912500022765
511,gradient,303,0.04,e01b359ffc12454992771ae7a01584f8,0.04219720900073298
512,gradient,303,0.04,bcbc3d63f150458db9345fbc13597d83,0.042621538000275905
513,gradient,303,0.04,da821fa1a53d42b6b451d8b45f3e1131,0.042563730999972904
514,gradient,303,0.04,2ad07a7c13364c82a23950f211d03f91,0.04219523599931563
515,gradient,303,0.04,dcec4c93c83546999b4a77d8c669eaa9,0.04261185999985173
516,gradient,303,0.04,533ca26c8e84464487e4ba08275b3ba6,0.04285264800000732
517,gradient,303,0.04,c1d82034e3da43899c200b2b3408bce0,0.043083831000330974
518,gradient,303,0.04,5ca36decb2054a4088d5291a8b518d18,0.042583151000144426
519,gradient,303,0.04,bc6566e0d4b94e8f85ee74a857642f0d,0.04235849499946198
520,gradient,229,0.05,525af87d84cf4c49ba98f4341f25d9cf,0.032448337000460015
521,gradient,229,0.05,fdc03c5039bb4847ba00f9044a5daca3,0.03265349400044215
522,gradient,229,0.05,2dc3956e304742b4915ba6af0f8462fc,0.032704428999750235
523,gradient,229,0.05,088dda27284e4581b92859a2e35a5e89,0.032754142999692704
524,gradient,229,0.05,4bf83b2a9e7149519a6d615df4777694,0.032565612999860605
525,gradient,229,0.05,4b2cc876114646d49b376a98dddd1035,0.032411691000561405
526,gradient,229,0.05,61726340b360467885a9ec86e911406e,0.03242753700033063
527,gradient,229,0.05,11f23526dab443b688053a25891e62df,0.03233563300000242
528,gradient,229,0.05,45ee60b8443f48cb8067fc08656a119c,0.032600662999357155
529,gradient,229,0.05,59794abdb7054a4f95099c52430d2e6e,0.0327510600000096
530,gradient,229,0.05,e0a2186104264590a59a7918a3188f99,0.032226552999418345
531,gradient,229,0.05,8d8d87e2e30e42b7823406e69db08d66,0.0322952169999553
532,gradient,229,0.05,42aef020b55946b08840e1cad83d9c4f,0.032389347000389535
533,gradient,229,0.05,0fa3ead33a064feea4a062d7d2ed181d,0.03223882400016009
534,gradient,229,0.05,6dc0e249220a416d80a66a05717d711f,0.03237030099990079
535,gradient,229,0.05,7bf26bdd716d4657921711d0167cd0ee,0.03224738599965349
536,gradient,229,0.05,d403ba3750694c3287cb86344ae71a50,0.03235766899979353
537,gradient,229,0.05,afc53e32e2274b36ab92cca3a3ec2919,0.032361906999540224
538,gradient,229,0.05,21fe18d946cd4a97897daa02d1ce773a,0.032345607000024756
539,gradient,229,0.05,f4b5523ab25849d98ad114b655037d9e,0.03231060300004174
540,gradient,81,0.1,a8c1fdb5351e4509bf4ea2f165002fe3,0.01247332999992068
541,gradient,81,0.1,3b923933a94346f38697e30691497c13,0.012795262000508956
542,gradient,81,0.1,9dc07e3bab634326bdb464b4fc83ed39,0.012449228999685147
543,gradient,81,0.1,21122fb124c843e3a36289b6f0494a52,0.012438155000381812
544,gradient,81,0.1,f5db444634224751a0760204029a2315,0.012576276999425318
545,gradient,81,0.1,5bb80fa0b13046d3bcc452cece509667,0.01270871500037174
546,gradient,81,0.1,15ff4d2587a9499891d2e3569d2a2dd1,0.01247421999960352
547,gradient,81,0.1,f6934aab8c2a4fd98627fe6e8ee06c55,0.012381108999761636
548,gradient,81,0.1,c953dfe2dfbd402191c8e38f287552ae,0.012655169999561622
549,gradient,81,0.1,6d4e5b29e6564c0bb60e67430e7959bb,0.013041324999903736
550,gradient,81,0.1,40b87f4e8005441fb1d3dda253f4987d,0.012423683999259083
551,gradient,81,0.1,d4ee40d3e457475cba420e2b81e31ff0,0.012488646999372577
552,gradient,81,0.1,05ec98ecc1a74cd08eb92025fc0e8a96,0.012474296000618779
553,gradient,81,0.1,bc1719cd7ce1414086d3f82db1478ad3,0.012487220000366506
554,gradient,81,0.1,f24f790db44b4d64b8d3243b9632c158,0.012428377999640361
555,gradient,81,0.1,e375d7bb2d454d15b89d72a890929ea3,0.012502421999670332
556,gradient,81,0.1,d4032cf770cf4d338e11a85a11af4324,0.012549610999485594
557,gradient,81,0.1,7532a04905c64730bda3479e59197c62,0.012510194999777013
558,gradient,81,0.1,8b7713fb3de0467dbb6304bacb85ba86,0.012647381999158824
559,gradient,81,0.1,78ede861b52e4c9cbd2d3459dc158686,0.012459757000215177
560,gradient,17,0.2,3420f2fb77d14a1ea97ce05621b4280e,0.003734175999852596
561,gradient,17,0.2,29789c9e86524ace8dc41386a6ae0ea6,0.0036799540002903086
562,gradient,17,0.2,b48fbab539a34fcf91dd5292656797cd,0.0038480599996546516
563,gradient,17,0.2,2d67b3c8ae6347f3b1367c2d9ff03a20,0.0037397030000647646
564,gradient,17,0.2,53a2a41d177f4f9b986ac0fbea70e52d,0.003789473999859183
565,gradient,17,0.2,4a39db5367fd4cb68fce21fd1c7a1f4f,0.0037596980000671465
566,gradient,17,0.2,7e33bb10bc60420db44deb6836e608b9,0.003743344999747933
567,gradient,17,0.2,a2ba870a237a47c4af69eb7d2ba77e6d,0.0037936440003250027
568,gradient,17,0.2,f14276604e3f453d8c0f41e46db42104,0.003749468000023626
569,gradient,17,0.2,389d4bc857ac4083a0323f20986b8a7a,0.0037159579997023684
570,gradient,17,0.2,6fd0952564f94970b3c77f6475d8e885,0.0037414629996419535
571,gradient,17,0.2,cb8cbf7dccd3412bb70b0be3eab09e37,0.0037111290002940223
572,gradient,17,0.2,6790c18f8725491589bc7a70dbc955a5,0.003745902999980899
573,gradient,17,0.2,2d38780832d94cc4bbb80914d0b670b7,0.003710840999701759
574,gradient,17,0.2,72f220f50e1d492a95207fe521461017,0.003728348000549886
575,gradient,17,0.2,9977457960e64de99becd32f8e206adf,0.003671370999654755
576,gradient,17,0.2,ef1d11d3823b420b94e6d2ef971b2768,0.0037176689993430045
577,gradient,17,0.2,7f4a4438e20f49c98f9d8be6722187d7,0.003746120999494451
578,gradient,17,0.2,8e25206f043f49339feed324a474cfae,0.003797182000198518
579,gradient,17,0.2,0c472bb622624a499e0c72a7e5a933ce,0.0036377810001795297
